medic_0,500
medic_1,501
medic_2,502
medic_3,503
client1,100
gateway,101
filterbasic_0,102
selectq1_0,103
platformcounter_0,104
platformreducer,105
selectq2345_0,106
filtergender_0,107
filterdecade_0,108
groupertopaverageplaytime,109
selectidnameindie_0,110
filterscorepositive_0,111
monitorstorageq3,112
groupertopreviewspositiveindie,113
selectidnameaction_0,114
filterscorenegative_0,115
monitorjoinerq4,116
filterreviewenglish_0,117
monitorstorageq4,118
monitorstorageq5,119
